{
  "project_info": {
    "project_number": "648080387168",
    "project_id": "arena-social",
    "storage_bucket": "arena-social.appspot.com"
  },
  "client": [
    {
      "client_info": {
        "mobilesdk_app_id": "1:648080387168:android:0d09793b1f6c61d011e705",
        "android_client_info": {
          "package_name": "com.example.arenasocial"
        }
      },
      "oauth_client": [],
      "api_key": [
        {
          "current_key": "AIzaSyBlfdXFEALYY5O52YAjEhr9Em2Wjl45JH4"
        }
      ],
      "services": {
        "appinvite_service": {
          "other_platform_oauth_client": []
        }
      }
    }
  ],
  "configuration_version": "1"
}